word,frequency
aa,1.0
aaaaah,1.0
aah,1.0
aandelijk,1.0
aanfietsen,1.0
aanfluiting,1.0
aangegrepen,1.0
aangeklaagd,1.0
aangelegd,1.0
aangesloten,1.0
aangesproken,1.0
aangevallen,1.0
aangezien,1.0
aanghouden,1.0
aanhoudende,1.0
aanklagen,1.0
aankoop,1.0
aantal,1.0
aanval,1.0
aanvallers,1.0
aanvragen,1.0
aanwezig,1.0
aanwijzing,1.0
aanwinst,1.0
aardappel,1.0
aarde,1.0
aardgas,1.0
aardgaswinning,1.0
aardig,1.0
aardrijkskunde,1.0
aart,1.0
aawhh,1.0
abahah,1.0
abdicatie,1.0
aber,1.0
abi,1.0
aboo,1.0
absoluut,1.0
ac,1.0
academy,1.0
acc,1.0
acht,1.0
achten,1.0
achterbakse,1.0
achtergronden,1.0
achterlijke,1.0
achttien,1.0
acoustic,1.0
acteur,1.0
acv,1.0
ad,1.0
adembenemend,1.0
adios,1.0
adlon,1.0
administratieve,1.0
adres,1.0
adriaan,1.0
advanced,1.0
adventure,1.0
adverteer,1.0
advertentie,1.0
advies,1.0
afd,1.0
afdeling,1.0
afgekeurd,1.0
afgepakt,1.0
afgetekende,1.0
afgetrokken,1.0
afgewezen,1.0
afkrijgt,1.0
aflevering,1.0
africaanse,1.0
afrikaantje,1.0
afschrijvingen,1.0
after,1.0
aftreed,1.0
aftrekt,1.0
afvalcontainers,1.0
afvraagt,1.0
afz,1.0
agathamakeup,1.0
agenda,1.0
agent,1.0
agua,1.0
aha,1.0
ahaa,1.0
ahaahahah,1.0
ahahah,1.0
ahahaha,1.0
ahahahah,1.0
ahahha,1.0
ahha,1.0
ahw,1.0
aiiboy,1.0
airmax,1.0
ajacied,1.0
aka,1.0
akhirnya,1.0
akkk,1.0
aks,1.0
aktualisierter,1.0
akure,1.0
aldoor,1.0
aldus,1.0
algarve,1.0
alhoceima,1.0
aliyahvevotwittertakeover,1.0
all,1.0
allday,1.0
allebei,1.0
allen,1.0
allerliefste,1.0
allesisliefde,1.0
allesonder,1.0
almelo,1.0
alphen,1.0
alphenaandenrijn,1.0
alsfabed,1.0
alsof,1.0
altavista,1.0
altijddd,1.0
alvast,1.0
alvorens,1.0
alyannebos,1.0
amaai,1.0
amberlynnb,1.0
amen,1.0
amper,1.0
amsterdammers,1.0
anathemahjp,1.0
andacht,1.0
andy,1.0
ang,1.0
angela,1.0
angstig,1.0
angstloze,1.0
animatie,1.0
anne,1.0
annesiegel,1.0
anniikax,1.0
annoniem,1.0
anoniem,1.0
anorexia,1.0
anousloveyou,1.0
antwoord,1.0
antwoorden,1.0
antwoordenboekjj,1.0
anything,1.0
appartement,1.0
appe,1.0
appels,1.0
appen,1.0
appie,1.0
aqua,1.0
arbeitslos,1.0
architectenbranche,1.0
ari,1.0
armbanden,1.0
armoe,1.0
arod,1.0
arresteert,1.0
ashrafoost,1.0
ashram,1.0
asprientje,1.0
assen,1.0
assist,1.0
aub,1.0
auch,1.0
auditie,1.0
augurk,1.0
augustus,1.0
aukjemindert,1.0
aula,1.0
aus,1.0
australi,1.0
authentieke,1.0
autodeur,1.0
automatisch,1.0
auw,1.0
avons,1.0
avontuurlijke,1.0
avontuurtje,1.0
avro,1.0
awkward,1.0
aww,1.0
ayfer,1.0
baan,1.0
baarde,1.0
baas,1.0
baasineigenbundel,1.0
babe,1.0
babyy,1.0
bad,1.0
bahn,1.0
bakijs,1.0
bakken,1.0
bakkendag,1.0
baklava,1.0
balgoij,1.0
balk,1.0
balle,1.0
ballonnen,1.0
balls,1.0
bambiamberr,1.0
band,1.0
banenruil,1.0
banga,1.0
bankjes,1.0
barbie,1.0
barstte,1.0
bartjooo,1.0
bartschreurs,1.0
barz,1.0
bas,1.0
basisschool,1.0
baterij,1.0
bathmen,1.0
bauer,1.0
baya,1.0
bbq,1.0
bbqen,1.0
bbrave,1.0
beaver,1.0
bedanken,1.0
bedekt,1.0
bedoel,1.0
bedoeld,1.0
bedoeling,1.0
bedoelt,1.0
bedrijfskring,1.0
bedrijven,1.0
bedrijventerrein,1.0
bedrust,1.0
begeleiden,1.0
begijnenmole,1.0
begind,1.0
beginnend,1.0
begrijpen,1.0
begripvolste,1.0
behoo,1.0
behoorlijk,1.0
beide,1.0
beieren,1.0
being,1.0
bekannt,1.0
bekeken,1.0
bekend,1.0
bekendprobleem,1.0
bekijk,1.0
beknopte,1.0
bekvechtende,1.0
beland,1.0
belangrijke,1.0
beleid,1.0
beloofd,1.0
belooff,1.0
belooft,1.0
beloon,1.0
belvedère,1.0
bemiddelen,1.0
bemoedigen,1.0
benim,1.0
benul,1.0
bereikt,1.0
berekend,1.0
berekening,1.0
beri,1.0
berichtje,1.0
berichtjes,1.0
beroemd,1.0
beroepsonderwijs,1.0
berucht,1.0
beschikken,1.0
beschkbaar,1.0
beschrijving,1.0
besef,1.0
beseft,1.0
besig,1.0
beslissingen,1.0
besteden,1.0
bestellen,1.0
bestelling,1.0
besterapper,1.0
bestwel,1.0
betaal,1.0
betere,1.0
beterschap,1.0
betrapt,1.0
betrokken,1.0
betrokkenheid,1.0
betºl,1.0
beurs,1.0
beurstijd,1.0
beurt,1.0
bevalt,1.0
bevestigd,1.0
bevolking,1.0
bewegen,1.0
bewonderen,1.0
bewoner,1.0
beyonce,1.0
bezoeker,1.0
bezuiniging,1.0
beëindigen,1.0
bi,1.0
bib,1.0
bibliotheekwet,1.0
bidden,1.0
bieber,1.0
biertje,1.0
bierviltje,1.0
big,1.0
biij,1.0
bijenkorf,1.0
bijgepraat,1.0
bijles,1.0
bijschrijvingen,1.0
bijt,1.0
bijwaard,1.0
bijzonder,1.0
bikini,1.0
bil,1.0
bin,1.0
bing,1.0
binnengevall,1.0
binnenkant,1.0
bio,1.0
biologie,1.0
bios,1.0
birdies,1.0
birinin,1.0
blabla,1.0
bladmuziek,1.0
blakarowsu,1.0
blauw,1.0
blauwe,1.0
blije,1.0
blijjj,1.0
blijvend,1.0
blijvenn,1.0
blikje,1.0
blikken,1.0
block,1.0
bloedheet,1.0
bloedplasma,1.0
bloeie,1.0
blog,1.0
blokende,1.0
blokjes,1.0
blöd,1.0
bn,1.0
bna,1.0
bobbie,1.0
bochten,1.0
bod,1.0
boefjes,1.0
boeit,1.0
boekfragment,1.0
boekje,1.0
boekjes,1.0
boem,1.0
boemjah,1.0
boer,1.0
bohong,1.0
bojan,1.0
bokito,1.0
bolivia,1.0
bonaire,1.0
bonnen,1.0
bontkragen,1.0
bonzqild,1.0
bootjesvolk,1.0
booty,1.0
bord,1.0
borgharen,1.0
boring,1.0
bot,1.0
bottom,1.0
bovenaan,1.0
bovenburen,1.0
boyfriend,1.0
boyz,1.0
brak,1.0
brandweerwagens,1.0
braviours,1.0
brazilië,1.0
breaking,1.0
breda,1.0
brede,1.0
breed,1.0
breekt,1.0
breezer,1.0
breinkraker,1.0
breken,1.0
briefje,1.0
brieven,1.0
brings,1.0
britse,1.0
broederschap,1.0
broer,1.0
broken,1.0
brom,1.0
bromfietspad,1.0
brommer,1.0
broncos,1.0
bronnen,1.0
broo,1.0
brook,1.0
brownies,1.0
brug,1.0
brugklas,1.0
bruin,1.0
brussel,1.0
btn,1.0
budget,1.0
bui,1.0
buik,1.0
buikpijntjesss,1.0
buitenland,1.0
bukan,1.0
bulgaren,1.0
bulgarije,1.0
bullshit,1.0
bumawi,1.0
bundels,1.0
burger,1.0
burgeroorlog,1.0
burns,1.0
bussie,1.0
bussloo,1.0
butty,1.0
buzu,1.0
bydopedemand,1.0
byna,1.0
cacing,1.0
cadeau,1.0
calderic,1.0
call,1.0
callflex,1.0
calvin,1.0
cambuur,1.0
camera,1.0
cameraman,1.0
camilo,1.0
camminghaburen,1.0
can,1.0
canailles,1.0
cancer,1.0
cao,1.0
caoonderhandelingen,1.0
carnaval,1.0
cas,1.0
cassettebandjes,1.0
cava,1.0
cbs,1.0
cc,1.0
cd,1.0
cda,1.0
celeb,1.0
centrum,1.0
chacingijo,1.0
chagarijnig,1.0
chagerijnigg,1.0
channel,1.0
chantalvoice,1.0
chaos,1.0
chaotisch,1.0
chauvinist,1.0
cheats,1.0
checke,1.0
cheese,1.0
chef,1.0
cheryl,1.0
cheyenne,1.0
chichis,1.0
chicks,1.0
chil,1.0
chillen,1.0
chillouhdhc,1.0
chinalife,1.0
christelijke,1.0
christian,1.0
cinta,1.0
circuit,1.0
citeer,1.0
citroensap,1.0
citymarketing,1.0
cleetjebabysdg,1.0
clowns,1.0
clubs,1.0
co,1.0
coach,1.0
coca,1.0
cocaøne,1.0
coccos,1.0
cocu,1.0
coelwiejoelie,1.0
coins,1.0
cole,1.0
combineren,1.0
comenius,1.0
comfortabel,1.0
commentator,1.0
commercile,1.0
common,1.0
communicatie,1.0
communiceren,1.0
complimenten,1.0
computer,1.0
computerspecialist,1.0
conclusie,1.0
concours,1.0
concurrent,1.0
concurrentiewaakhond,1.0
congresdagen,1.0
connecten,1.0
cont,1.0
contact,1.0
controller,1.0
coole,1.0
coordinator,1.0
correct,1.0
correcte,1.0
cover,1.0
crasht,1.0
crazygirlluun,1.0
cremespoeling,1.0
crew,1.0
cristiano,1.0
cruzeiro,1.0
cstrook,1.0
cuoio,1.0
cursor,1.0
cvbvoorzitter,1.0
cyberpestende,1.0
daag,1.0
daan,1.0
daarmee,1.0
daarnatoe,1.0
daarop,1.0
daarover,1.0
dadelijk,1.0
daging,1.0
dak,1.0
dalijk,1.0
dame,1.0
dames,1.0
damian,1.0
dammen,1.0
damnz,1.0
daniel,1.0
danken,1.0
dankie,1.0
dankjee,1.0
dankzij,1.0
danny,1.0
danse,1.0
dansje,1.0
daone,1.0
darm,1.0
darmen,1.0
database,1.0
dating,1.0
datmoetgezegd,1.0
ddoperiode,1.0
ddr,1.0
debat,1.0
decibel,1.0
dee,1.0
deel,1.0
deels,1.0
deenk,1.0
definitief,1.0
degene,1.0
deine,1.0
dekrantvanflevoland,1.0
delangste,1.0
delft,1.0
delta,1.0
demelline,1.0
demo,1.0
denen,1.0
denhaag,1.0
denilzi,1.0
denke,1.0
derde,1.0
dergelijke,1.0
description,1.0
desondanks,1.0
destijds,1.0
deugnieten,1.0
dev,1.0
deventernaar,1.0
devils,1.0
dezelfde,1.0
değilim,1.0
dhd,1.0
diandraloveyou,1.0
dichtbij,1.0
dier,1.0
dieren,1.0
diervriendelijk,1.0
dieuwertjex,1.0
digibox,1.0
dijk,1.0
dijp,1.0
dina,1.0
dink,1.0
dinootjenaomi,1.0
dinsdag,1.0
dip,1.0
dirk,1.0
discriminatie,1.0
discriminerend,1.0
discussianten,1.0
discussieren,1.0
disney,1.0
diverse,1.0
djie,1.0
dlkeshfoiesdlkfjx,1.0
dn,1.0
doel,1.0
doelen,1.0
doem,1.0
doendurfwaarheid,1.0
doetinchem,1.0
dogter,1.0
dokken,1.0
dokter,1.0
dolgraag,1.0
dominic,1.0
dominicaanse,1.0
domme,1.0
donar,1.0
donaties,1.0
donderaaap,1.0
donderop,1.0
dongen,1.0
donker,1.0
doodschieten,1.0
doooood,1.0
doordat,1.0
doorgebrand,1.0
doorrijder,1.0
doorspoelen,1.0
doos,1.0
dope,1.0
dorpsleven,1.0
douaneapp,1.0
douche,1.0
douglas,1.0
dovo,1.0
download,1.0
draagvlak,1.0
draait,1.0
dragen,1.0
drake,1.0
drama,1.0
dreigt,1.0
dribbelkoning,1.0
driel,1.0
drink,1.0
drinkt,1.0
drogegr,1.0
drogen,1.0
droog,1.0
droomclub,1.0
drukke,1.0
drummer,1.0
dtv,1.0
dua,1.0
dualisme,1.0
dude,1.0
dudes,1.0
due,1.0
duidelijk,1.0
duidelijke,1.0
duijts,1.0
duimen,1.0
duitsers,1.0
duizend,1.0
duknitter,1.0
duren,1.0
durf,1.0
duss,1.0
duty,1.0
duurt,1.0
duurzaam,1.0
dwangarbeid,1.0
dwarrelplein,1.0
dweentje,1.0
dye,1.0
dying,1.0
dylan,1.0
dynamo,1.0
dyspneu,1.0
eagles,1.0
eben,1.0
echter,1.0
echtgenote,1.0
ed,1.0
eddy,1.0
ee,1.0
eeeeeeeeeennnn,1.0
eej,1.0
eekeringe,1.0
eenden,1.0
eentje,1.0
eerlijke,1.0
eerstekamer,1.0
eeuwen,1.0
egoïstisch,1.0
ehhhh,1.0
eht,1.0
eigene,1.0
eindbestemming,1.0
eindcijfer,1.0
eindeljik,1.0
eindelyk,1.0
eindhoven,1.0
eindigen,1.0
eindstrijd,1.0
einen,1.0
einigen,1.0
eintlik,1.0
einzig,1.0
eiwittekort,1.0
ej,1.0
ekrem,1.0
eks,1.0
electro,1.0
electronisch,1.0
elkedag,1.0
ellende,1.0
ellendehaan,1.0
elvis,1.0
emolife,1.0
emotietweets,1.0
energie,1.0
enews,1.0
engdoen,1.0
enge,1.0
engedinge,1.0
enoma,1.0
enrichement,1.0
enthousiasme,1.0
entree,1.0
entropia,1.0
entry,1.0
ep,1.0
epic,1.0
epicteeners,1.0
erachter,1.0
eraf,1.0
erbij,1.0
eredivisieclub,1.0
ergens,1.0
ergert,1.0
erik,1.0
erkenning,1.0
ernst,1.0
ernstig,1.0
ernstige,1.0
ervaringsdeskundig,1.0
erwinvdsande,1.0
erwtensoepklysma,1.0
escort,1.0
esf,1.0
esns,1.0
etageres,1.0
etc,1.0
eu,1.0
europeseunie,1.0
ev,1.0
eva,1.0
evenbeeld,1.0
everton,1.0
every,1.0
evv,1.0
ex,1.0
examendag,1.0
excelsior,1.0
excl,1.0
exclusief,1.0
excuses,1.0
excuus,1.0
experiencing,1.0
expert,1.0
exposen,1.0
extreme,1.0
exvriendje,1.0
eyy,1.0
ezel,1.0
eğer,1.0
fa,1.0
fabrieksinstellingen,1.0
fack,1.0
factor,1.0
facturen,1.0
faillissement,1.0
fakcing,1.0
falcao,1.0
familieweekend,1.0
fanmail,1.0
fanı,1.0
fanım,1.0
favorieten,1.0
fck,1.0
fclgspeedy,1.0
federatie,1.0
feest,1.0
femke,1.0
ffe,1.0
fieh,1.0
fietse,1.0
fietser,1.0
fietsspecialist,1.0
fifa,1.0
fifacoinsnl,1.0
figuur,1.0
fijner,1.0
fijnevakantiepaardjes,1.0
filipijn,1.0
filmpjes,1.0
financile,1.0
finaste,1.0
fissie,1.0
fitnessen,1.0
fixen,1.0
fl,1.0
flames,1.0
flamingoland,1.0
flapperend,1.0
flashmobs,1.0
fles,1.0
flevo,1.0
flier,1.0
flikker,1.0
flikkers,1.0
flirt,1.0
floor,1.0
flow,1.0
fluffys,1.0
flugzeugen,1.0
flyers,1.0
fml,1.0
fokkerij,1.0
followt,1.0
folowback,1.0
foodloss,1.0
foodprofessional,1.0
foodwaste,1.0
forceer,1.0
forensische,1.0
forever,1.0
formuliertje,1.0
fotoshoot,1.0
fotows,1.0
fout,1.0
foxsports,1.0
freak,1.0
freeeeedom,1.0
freeparamocro,1.0
frikandelen,1.0
frisse,1.0
fruit,1.0
fso,1.0
fsooo,1.0
fuckingfeiten,1.0
fuckit,1.0
fun,1.0
furosemideverneveling,1.0
fuseren,1.0
futcoinstrader,1.0
futwagerbets,1.0
fwuw,1.0
fysio,1.0
fände,1.0
gaaaan,1.0
gaande,1.0
galgenwaard,1.0
games,1.0
gap,1.0
garandeer,1.0
gare,1.0
gastheer,1.0
gat,1.0
gautier,1.0
gave,1.0
gax,1.0
gazet,1.0
geakkste,1.0
gebed,1.0
gebeldn,1.0
gebeurt,1.0
geboren,1.0
gebouw,1.0
gebracht,1.0
gecombineerd,1.0
gedachte,1.0
gedachten,1.0
gedanst,1.0
gedeeld,1.0
gedoe,1.0
gedouched,1.0
gedoucht,1.0
gedraagde,1.0
gedragen,1.0
gedreven,1.0
geduld,1.0
gee,1.0
geej,1.0
geenvisie,1.0
gefeliteerd,1.0
gefilmt,1.0
gegooid,1.0
gegroeid,1.0
gehack,1.0
geheimpje,1.0
geholpen,1.0
geht,1.0
gehuilt,1.0
geilen,1.0
geirn,1.0
gekeken,1.0
gekneust,1.0
geknoeid,1.0
gekocht,1.0
gekomen,1.0
gekozen,1.0
gelaten,1.0
gelauscht,1.0
gelder,1.0
gelderlander,1.0
geleerd,1.0
gelegen,1.0
geliefde,1.0
gelinkt,1.0
gelopen,1.0
gelredome,1.0
gelul,1.0
geluncht,1.0
gemachtigde,1.0
gemaild,1.0
gemakkelijk,1.0
gemeen,1.0
gemeenteraadsverkiezingen,1.0
gemiddelde,1.0
gemist,1.0
generator,1.0
genezen,1.0
geniaal,1.0
genomen,1.0
genoten,1.0
georgiefa,1.0
gepakt,1.0
gepraat,1.0
geproefd,1.0
gerealiseerd,1.0
gereedschap,1.0
geregeld,1.0
geroepen,1.0
gert,1.0
gertjan,1.0
gesaboteerd,1.0
geschapen,1.0
geschenk,1.0
geschiedenisboeken,1.0
geschoten,1.0
geslagen,1.0
geslapen,1.0
gesnurk,1.0
gesprch,1.0
gesprekje,1.0
gesprekken,1.0
gesproken,1.0
gestaag,1.0
gestikt,1.0
gestolen,1.0
gestopt,1.0
getbar,1.0
geteld,1.0
getraind,1.0
getraint,1.0
getuigen,1.0
geunf,1.0
geur,1.0
gevaarlijke,1.0
gevangenen,1.0
gevingert,1.0
gevoelend,1.0
gewekt,1.0
gewestweg,1.0
gewn,1.0
geword,1.0
gezegd,1.0
gezelliegehalte,1.0
gezelligheid,1.0
gezelschap,1.0
gezicht,1.0
gezienmtricht,1.0
gezondevraag,1.0
gezondheid,1.0
gezondheidsrisico,1.0
gezondheidszorg,1.0
geëmotioneerd,1.0
geëvenaard,1.0
ghaat,1.0
ghehe,1.0
gibt,1.0
gigantisch,1.0
gingers,1.0
girlfriends,1.0
gisterenavond,1.0
glaasjedraaien,1.0
glee,1.0
glimlach,1.0
gloor,1.0
go,1.0
goals,1.0
goedbezig,1.0
goedemiddag,1.0
goedenmorgen,1.0
goedkomen,1.0
goedkoop,1.0
goedzo,1.0
goeiemorgen,1.0
goes,1.0
gok,1.0
gooi,1.0
gooide,1.0
gooier,1.0
goood,1.0
gooodmorning,1.0
goooolaaassooooo,1.0
goosen,1.0
graafje,1.0
graafsteven,1.0
graauw,1.0
gradus,1.0
graffiti,1.0
gram,1.0
gramsbergenc,1.0
grapppig,1.0
grashoek,1.0
gratisadverteren,1.0
grenzen,1.0
griekenland,1.0
grieks,1.0
grinniken,1.0
groeit,1.0
groen,1.0
groenten,1.0
groenwitte,1.0
groepje,1.0
groepsfoto,1.0
groet,1.0
grolloo,1.0
grootste,1.0
gtst,1.0
guardiola,1.0
guetta,1.0
gunter,1.0
gute,1.0
guys,1.0
guysss,1.0
gwcharif,1.0
gym,1.0
gympie,1.0
haag,1.0
haagse,1.0
haahahha,1.0
haasten,1.0
haatte,1.0
haben,1.0
hadat,1.0
haden,1.0
hagenees,1.0
hagestein,1.0
hahaah,1.0
hahaba,1.0
hahahaah,1.0
hahahah,1.0
hahahahahahah,1.0
hahahahahahaha,1.0
hahahahha,1.0
hahahahhahahahahahaha,1.0
hahahha,1.0
hahahhahahahahha,1.0
hahha,1.0
hakan,1.0
hale,1.0
halfuur,1.0
handel,1.0
handelsnaam,1.0
handen,1.0
handig,1.0
hangouts,1.0
hanzelijn,1.0
hanzzsuryajaya,1.0
hap,1.0
hapjes,1.0
happy,1.0
har,1.0
hardgelopen,1.0
hardstyle,1.0
harlingen,1.0
harold,1.0
harry,1.0
hartelijk,1.0
hasan,1.0
hasebe,1.0
hasselt,1.0
hasst,1.0
have,1.0
having,1.0
hay,1.0
hbb,1.0
heaa,1.0
hedde,1.0
heeeeele,1.0
heeelemaal,1.0
heerenveen,1.0
heerlijke,1.0
heey,1.0
heftig,1.0
hehe,1.0
hehehe,1.0
hehh,1.0
hekel,1.0
hela,1.0
heldenrun,1.0
helft,1.0
helg,1.0
helium,1.0
hellemal,1.0
helpt,1.0
hemd,1.0
hemel,1.0
hendricks,1.0
henk,1.0
heracles,1.0
here,1.0
heren,1.0
herhaling,1.0
herinnerde,1.0
herinneringen,1.0
hernandez,1.0
heropenen,1.0
heropening,1.0
herst,1.0
herstart,1.0
herstel,1.0
herstellen,1.0
hertog,1.0
hervormde,1.0
hervormen,1.0
hey,1.0
hghdhavdbnfiosbdgsja,1.0
hhahahahaha,1.0
hield,1.0
hierin,1.0
higdon,1.0
hihhi,1.0
hihihihihihi,1.0
hihii,1.0
hiihi,1.0
hilarische,1.0
hindoestaan,1.0
hinkemöller,1.0
hiphop,1.0
hipstermuts,1.0
historische,1.0
hitler,1.0
hjhoekman,1.0
hmmkay,1.0
hmmm,1.0
hmpf,1.0
hntm,1.0
hoax,1.0
hobbitfilms,1.0
hobootje,1.0
hockeyen,1.0
hoee,1.0
hoefden,1.0
hoekje,1.0
hoelaat,1.0
hoeren,1.0
hoest,1.0
holland,1.0
hollandse,1.0
hollandsgottalent,1.0
home,1.0
homeee,1.0
homeride,1.0
honden,1.0
hondjes,1.0
honger,1.0
hongerrrr,1.0
honoursprogramma,1.0
hoofdpijn,1.0
hoofdprijs,1.0
hoofdredacteurendag,1.0
hoog,1.0
hook,1.0
hoooiii,1.0
hoorn,1.0
hoorr,1.0
hope,1.0
hopelijk,1.0
hopeloos,1.0
hore,1.0
horecava,1.0
hotattheoffice,1.0
hotel,1.0
house,1.0
houtribsluis,1.0
houvanhaar,1.0
hqq,1.0
hs,1.0
hshahhahaha,1.0
ht,1.0
html,1.0
httpstcodoxdtsu,1.0
httpstcohxtsohaxdv,1.0
httpstconsgfzrlqpc,1.0
httpstcoyatbbmkgla,1.0
htv,1.0
huidige,1.0
huilt,1.0
huiskamer,1.0
huisvrouwzoektsex,1.0
huiswerk,1.0
huizen,1.0
hulde,1.0
hulp,1.0
humeur,1.0
humor,1.0
hump,1.0
hvj,1.0
hvjsophie,1.0
hw,1.0
hwc,1.0
hypotheek,1.0
hèt,1.0
hört,1.0
ibannummer,1.0
icarly,1.0
ice,1.0
icoontje,1.0
icoontjes,1.0
ideen,1.0
identiteitsfraude,1.0
identiteitsgegevens,1.0
idon,1.0
idriceebieberx,1.0
iemands,1.0
ies,1.0
ietznana,1.0
ifsinterim,1.0
iijac,1.0
ijsjes,1.0
ijskoud,1.0
ijzeren,1.0
ikga,1.0
ikkenze,1.0
ikook,1.0
ikzweer,1.0
illegale,1.0
iloveyouux,1.0
ilse,1.0
ily,1.0
imam,1.0
imperfecties,1.0
inbrekers,1.0
india,1.0
infografiek,1.0
informeel,1.0
inge,1.0
ingeschreven,1.0
ingevultvande,1.0
inhouden,1.0
initiatief,1.0
inmaken,1.0
innemen,1.0
inschrijving,1.0
inschrijvingen,1.0
inslaap,1.0
inspired,1.0
instaaaa,1.0
instantie,1.0
integrale,1.0
intelligenterder,1.0
interactie,1.0
interactief,1.0
interesse,1.0
interesseert,1.0
interieurmeester,1.0
internaat,1.0
international,1.0
internetbankieren,1.0
interventie,1.0
interview,1.0
intussen,1.0
invullen,1.0
ios,1.0
iosupdate,1.0
ipad,1.0
irene,1.0
isabelle,1.0
ismomusic,1.0
isral,1.0
it,1.0
italiaanse,1.0
italieeeeee,1.0
items,1.0
itisbryan,1.0
itmakesmyday,1.0
its,1.0
itu,1.0
itunes,1.0
ivanski,1.0
ivm,1.0
jaah,1.0
jacobs,1.0
jag,1.0
jah,1.0
jakkes,1.0
jaman,1.0
jantje,1.0
japanse,1.0
jarigetrouwdag,1.0
jb,1.0
jdi,1.0
jeeeee,1.0
jeff,1.0
jemanden,1.0
jen,1.0
jeroenstuut,1.0
jesseverheem,1.0
jetzt,1.0
jeugdzorg,1.0
jewelry,1.0
jha,1.0
jim,1.0
jinzme,1.0
jk,1.0
jnsj,1.0
jobb,1.0
jobba,1.0
jobbe,1.0
joelle,1.0
johanna,1.0
john,1.0
joke,1.0
jong,1.0
jonge,1.0
jonguh,1.0
jordani,1.0
jordans,1.0
jordy,1.0
jos,1.0
josé,1.0
jouad,1.0
jour,1.0
journalisten,1.0
jpmorgan,1.0
judith,1.0
juiste,1.0
julia,1.0
julianafca,1.0
julie,1.0
juni,1.0
junior,1.0
jup,1.0
jurk,1.0
jurkje,1.0
justin,1.0
jxr,1.0
kaas,1.0
kadar,1.0
kader,1.0
kadmium,1.0
kado,1.0
kadobon,1.0
kakken,1.0
kamikazerijders,1.0
kamperen,1.0
kamu,1.0
kanaal,1.0
kangen,1.0
kanikniet,1.0
kanniet,1.0
kapotttt,1.0
karen,1.0
karin,1.0
kast,1.0
kats,1.0
kazoku,1.0
kbedoel,1.0
kben,1.0
keelpijn,1.0
keeper,1.0
keertje,1.0
kees,1.0
kefee,1.0
kei,1.0
keihard,1.0
kein,1.0
keine,1.0
kende,1.0
kenia,1.0
kenne,1.0
kennelijk,1.0
kennis,1.0
kenske,1.0
kerle,1.0
kerly,1.0
kermiis,1.0
kerry,1.0
kerstkadotje,1.0
kerstman,1.0
kerstpakket,1.0
kerstplaten,1.0
keukentafelg,1.0
keurig,1.0
keuring,1.0
kevin,1.0
kga,1.0
kh,1.0
kheb,1.0
kids,1.0
kietelt,1.0
kii,1.0
kijhard,1.0
kijker,1.0
kijkje,1.0
kijkt,1.0
kik,1.0
kiken,1.0
kilo,1.0
kim,1.0
kinderplannen,1.0
kingdom,1.0
kinky,1.0
kip,1.0
kipburger,1.0
kippendij,1.0
kippenvel,1.0
kiran,1.0
klaarmaken,1.0
klachten,1.0
klar,1.0
klasgenoot,1.0
kledingcrisis,1.0
kleinb,1.0
klere,1.0
kleuren,1.0
kleurje,1.0
klijnsma,1.0
klik,1.0
klinische,1.0
kloten,1.0
knabel,1.0
knakworst,1.0
knap,1.0
knapst,1.0
kneus,1.0
knijpen,1.0
knippe,1.0
knippen,1.0
knoppen,1.0
knuffelt,1.0
knuffelxx,1.0
ko,1.0
kobus,1.0
koek,1.0
koeken,1.0
koekjekwak,1.0
koekoekt,1.0
koelkast,1.0
koffieezuipnacht,1.0
koken,1.0
komende,1.0
komkommer,1.0
kompaandebocht,1.0
konden,1.0
konijnen,1.0
koningnl,1.0
konten,1.0
kontje,1.0
kookboe,1.0
kookervaring,1.0
kookstudios,1.0
kool,1.0
koopeenkoenl,1.0
kop,1.0
kopen,1.0
kopoftheenl,1.0
koppen,1.0
koppijn,1.0
koppyn,1.0
kopval,1.0
koran,1.0
korea,1.0
koreas,1.0
kortetermijngeheugenerror,1.0
korthaar,1.0
korting,1.0
kortom,1.0
kostenplaatje,1.0
kotsen,1.0
kou,1.0
kouddddd,1.0
kouseband,1.0
kouuud,1.0
krabbels,1.0
kracht,1.0
kralendijk,1.0
kramen,1.0
krammersluizen,1.0
krant,1.0
kreeft,1.0
kregen,1.0
kreta,1.0
krijsend,1.0
krijt,1.0
krijtbord,1.0
kroesje,1.0
kroket,1.0
kroketjes,1.0
kroketten,1.0
kroonluchter,1.0
kruising,1.0
ksg,1.0
kuipers,1.0
kunst,1.0
kunstuur,1.0
kunstwerk,1.0
kurdomakaveli,1.0
kurt,1.0
kus,1.0
kush,1.0
kusje,1.0
kusjeeanke,1.0
kutt,1.0
kutwijven,1.0
kutzooi,1.0
kwaliteiten,1.0
kwartfinales,1.0
kweek,1.0
kweken,1.0
kwetsen,1.0
kwf,1.0
kzie,1.0
la,1.0
laatdat,1.0
laatst,1.0
lach,1.0
ladies,1.0
lag,1.0
lah,1.0
lan,1.0
lancenet,1.0
lancering,1.0
landgenoten,1.0
langetermijnverhuur,1.0
langskomen,1.0
lank,1.0
lappie,1.0
laptop,1.0
lars,1.0
las,1.0
lasvegas,1.0
laterz,1.0
lathum,1.0
laurens,1.0
laylow,1.0
leasekatten,1.0
leathergirl,1.0
leef,1.0
leeg,1.0
leek,1.0
leenstelsel,1.0
leer,1.0
leergierig,1.0
leert,1.0
leesbaar,1.0
leeuw,1.0
leg,1.0
lege,1.0
leger,1.0
leggen,1.0
legit,1.0
legt,1.0
leh,1.0
lehrer,1.0
leidt,1.0
lek,1.0
lekkere,1.0
lekkeresportdag,1.0
lekkurr,1.0
lelijiker,1.0
lelijker,1.0
lelystadse,1.0
lelz,1.0
lemmer,1.0
lenen,1.0
leon,1.0
leraar,1.0
lerra,1.0
lesbie,1.0
lessen,1.0
lesss,1.0
lesstof,1.0
letteren,1.0
letterlijk,1.0
letterlik,1.0
leuker,1.0
leukkxx,1.0
leuks,1.0
leukstehumor,1.0
leute,1.0
level,1.0
lever,1.0
lewandowski,1.0
lewe,1.0
leydy,1.0
lichaamsgerichte,1.0
lichaamssappen,1.0
lied,1.0
liedjes,1.0
lieef,1.0
lieffie,1.0
lieffies,1.0
liefstee,1.0
liep,1.0
ligge,1.0
lijf,1.0
lijk,1.0
lijst,1.0
lijstje,1.0
likers,1.0
lil,1.0
lilcinderellah,1.0
linkdedownie,1.0
links,1.0
linksom,1.0
liposuctie,1.0
lippen,1.0
lippenstift,1.0
lisa,1.0
live,1.0
livestream,1.0
lkkr,1.0
lmao,1.0
lmfao,1.0
lobi,1.0
locatie,1.0
loen,1.0
logeren,1.0
loggen,1.0
logisch,1.0
loh,1.0
lois,1.0
lokale,1.0
loodst,1.0
looool,1.0
loop,1.0
lopend,1.0
lorena,1.0
loser,1.0
loslaten,1.0
lot,1.0
loting,1.0
lqdlx,1.0
ls,1.0
lucas,1.0
lucielle,1.0
luie,1.0
luiken,1.0
luisteraars,1.0
lukt,1.0
lust,1.0
lustig,1.0
luxe,1.0
maagd,1.0
maakbaarheidsgedachte,1.0
maakte,1.0
maand,1.0
maargoed,1.0
maarssen,1.0
maart,1.0
maaskantjeeeee,1.0
mac,1.0
machine,1.0
macht,1.0
mad,1.0
maf,1.0
magazijnmedewerker,1.0
magazine,1.0
magic,1.0
mahnn,1.0
mainiacs,1.0
mainn,1.0
mainstreet,1.0
mainstreetschool,1.0
makayz,1.0
make,1.0
makers,1.0
makoto,1.0
malloten,1.0
maloten,1.0
mamas,1.0
mamm,1.0
mammmmmmmmmm,1.0
mams,1.0
managed,1.0
manager,1.0
manche,1.0
manchen,1.0
mang,1.0
maniac,1.0
manieren,1.0
manjan,1.0
mar,1.0
mara,1.0
marathon,1.0
marcovanr,1.0
mariamonatari,1.0
mariet,1.0
marja,1.0
marktwaakhond,1.0
mart,1.0
master,1.0
mastering,1.0
matras,1.0
matsloot,1.0
matthijs,1.0
maud,1.0
maureen,1.0
maurice,1.0
mauricedebruin,1.0
maxmax,1.0
maxstone,1.0
may,1.0
maybe,1.0
mbo,1.0
medelijden,1.0
medewerker,1.0
medgem,1.0
mediamarktnl,1.0
medische,1.0
meedoen,1.0
meekink,1.0
meent,1.0
meepmeepmeep,1.0
meerderheid,1.0
meerdijkreallife,1.0
meez,1.0
meg,1.0
megasessie,1.0
mehr,1.0
mei,1.0
meiddddd,1.0
meine,1.0
meiner,1.0
meisjes,1.0
meivakantie,1.0
mel,1.0
melanie,1.0
melbourne,1.0
melden,1.0
melk,1.0
memories,1.0
mening,1.0
menn,1.0
menno,1.0
mense,1.0
mensne,1.0
mer,1.0
merels,1.0
merken,1.0
meten,1.0
methode,1.0
metro,1.0
mh,1.0
mi,1.0
michielbx,1.0
middag,1.0
middeleeuwen,1.0
middelen,1.0
miepmiep,1.0
miew,1.0
mijndieriszoek,1.0
mijnlevensweg,1.0
milad,1.0
miljonair,1.0
min,1.0
mindful,1.0
mindfulness,1.0
minihartaanval,1.0
minimaal,1.0
minister,1.0
mirthe,1.0
missie,1.0
misterbram,1.0
mixen,1.0
mkb,1.0
ml,1.0
mlj,1.0
mo,1.0
moab,1.0
mob,1.0
mocro,1.0
moedeloos,1.0
moee,1.0
moeilijkste,1.0
moesten,1.0
moetdathiernoglangdurenofhoezittet,1.0
moetk,1.0
moetme,1.0
moetten,1.0
moewahahahaa,1.0
moffel,1.0
moldavirs,1.0
moltondeken,1.0
momenteel,1.0
momenten,1.0
momentje,1.0
momo,1.0
mondo,1.0
mongools,1.0
mooiboy,1.0
moooi,1.0
mopp,1.0
moppie,1.0
morfine,1.0
morfinefoutje,1.0
morgane,1.0
morgee,1.0
morgem,1.0
morgenavond,1.0
morgens,1.0
morgenvroeg,1.0
morgn,1.0
morris,1.0
moskou,1.0
moslimimmigratie,1.0
motherfuckers,1.0
motor,1.0
motte,1.0
mounir,1.0
mourinho,1.0
move,1.0
mr,1.0
mrge,1.0
msh,1.0
msn,1.0
mts,1.0
muahahahah,1.0
much,1.0
muchies,1.0
munten,1.0
murray,1.0
mushin,1.0
music,1.0
mussetstraat,1.0
muziek,1.0
muziekdocent,1.0
mw,1.0
mwoehahahaha,1.0
myn,1.0
myself,1.0
mytische,1.0
naa,1.0
naah,1.0
naarstig,1.0
naartoe,1.0
naastelkaar,1.0
nachtmerrie,1.0
nadenken,1.0
nagellak,1.0
nakijken,1.0
nancpaintart,1.0
nancy,1.0
nasischijf,1.0
nask,1.0
natuur,1.0
nbd,1.0
nbfd,1.0
ncpzr,1.0
necado,1.0
ned,1.0
neddui,1.0
nederlandse,1.0
nederlandspanje,1.0
neee,1.0
neeee,1.0
neeeeeeeeeiiiiiiiiin,1.0
neehoor,1.0
neemt,1.0
neen,1.0
neergang,1.0
neerkomen,1.0
neerslag,1.0
negatieve,1.0
neger,1.0
negeren,1.0
neh,1.0
nek,1.0
nemen,1.0
nena,1.0
nerdjes,1.0
nergens,1.0
netjes,1.0
neuk,1.0
news,1.0
newskoolfest,1.0
next,1.0
ng,1.0
ngono,1.0
nhn,1.0
nickberg,1.0
nicotine,1.0
niels,1.0
niemanden,1.0
nieteens,1.0
nietes,1.0
niett,1.0
niettebest,1.0
nieuwjaarsbijeenkomst,1.0
nieuwsflitser,1.0
nieuwsgierige,1.0
nieuwste,1.0
nieuwstwitter,1.0
nieuwsupdate,1.0
nieuwsuur,1.0
nieuwzeeland,1.0
nig,1.0
night,1.0
nikki,1.0
ning,1.0
nld,1.0
nlglive,1.0
nntn,1.0
nodds,1.0
noem,1.0
noemgeennamenoptwitter,1.0
nogniet,1.0
nolife,1.0
nondualisme,1.0
nood,1.0
nooitleuk,1.0
noordoost,1.0
noordwijk,1.0
noot,1.0
nos,1.0
notaris,1.0
notarisbarometer,1.0
notenknabbel,1.0
nousjj,1.0
nouuu,1.0
november,1.0
nr,1.0
nrd,1.0
nsonline,1.0
nt,1.0
nuf,1.0
nul,1.0
number,1.0
nur,1.0
nuweer,1.0
nºrnberg,1.0
nèt,1.0
oah,1.0
obdit,1.0
obese,1.0
obsessed,1.0
oeff,1.0
oenkoe,1.0
oeps,1.0
oeä,1.0
officieel,1.0
ofzoo,1.0
ok,1.0
okay,1.0
okeei,1.0
okeej,1.0
okii,1.0
olacaksanız,1.0
olhos,1.0
olifant,1.0
olun,1.0
omdoet,1.0
omgeving,1.0
omgg,1.0
omh,1.0
omver,1.0
onbegrijpelijk,1.0
onbeleevde,1.0
onbemande,1.0
ondanks,1.0
onderbouwing,1.0
ondernemers,1.0
ondersteund,1.0
ondertussen,1.0
onderweg,1.0
onderzoek,1.0
onderzoekers,1.0
onee,1.0
ongeluk,1.0
ongelukje,1.0
onmogelijk,1.0
onschuld,1.0
ontbijten,1.0
ontbreekt,1.0
ontmaagd,1.0
ontslagvergoedingen,1.0
ontsnapt,1.0
ontwerp,1.0
ontwikkelaars,1.0
ontwikkelingssamenwerking,1.0
onvoldoendes,1.0
onwelgevoegelijk,1.0
onwoorden,1.0
onzin,1.0
oo,1.0
oohh,1.0
oohhhh,1.0
ooke,1.0
ookeengoeiemorgen,1.0
ooowwnu,1.0
oorlog,1.0
oortmerssen,1.0
oosterhout,1.0
oosterschelde,1.0
oostvaardersdijk,1.0
oow,1.0
opbod,1.0
opbouw,1.0
opdonderen,1.0
opendoen,1.0
openen,1.0
openhartig,1.0
opening,1.0
openlab,1.0
opera,1.0
operations,1.0
operator,1.0
operators,1.0
opgebeld,1.0
opgeborgen,1.0
opgehaald,1.0
opgemaakt,1.0
opgenomen,1.0
opgeruimd,1.0
opgever,1.0
opgevuld,1.0
opgezocht,1.0
ophale,1.0
ophoudt,1.0
opiniestuk,1.0
oplade,1.0
opleveren,1.0
opluchting,1.0
opnemen,1.0
opnze,1.0
opoo,1.0
opp,1.0
oppaswerk,1.0
opsporing,1.0
opvakantie,1.0
opvakantievanaf,1.0
opvolgen,1.0
opwinding,1.0
opzetten,1.0
opzich,1.0
opzoeken,1.0
orde,1.0
ordet,1.0
oren,1.0
ortho,1.0
ot,1.0
oudere,1.0
oudheden,1.0
oudvz,1.0
outs,1.0
ov,1.0
oven,1.0
overdag,1.0
overgebracht,1.0
overheerlijke,1.0
overheid,1.0
overheidsmonopolie,1.0
overleg,1.0
overmorgen,1.0
overname,1.0
overschrijven,1.0
overstroomd,1.0
overvaller,1.0
ow,1.0
paardrijles,1.0
pain,1.0
pakket,1.0
pannenkoeken,1.0
papendal,1.0
papierbak,1.0
para,1.0
paragraaf,1.0
paranoia,1.0
parkeren,1.0
parking,1.0
parma,1.0
participatie,1.0
partijpolitieke,1.0
passen,1.0
past,1.0
patat,1.0
path,1.0
patriots,1.0
pauli,1.0
paulvandenendenl,1.0
pause,1.0
pauze,1.0
payback,1.0
pearly,1.0
pech,1.0
peisk,1.0
pennetje,1.0
peoplewhomademyyeargood,1.0
pep,1.0
pepsi,1.0
perea,1.0
peren,1.0
periode,1.0
perkamentus,1.0
persie,1.0
pervers,1.0
pesten,1.0
petra,1.0
pffff,1.0
pfffff,1.0
pfuuu,1.0
php,1.0
piemel,1.0
piept,1.0
pieter,1.0
pijnenburg,1.0
pijnlijk,1.0
pijp,1.0
pijpen,1.0
pijpt,1.0
pingen,1.0
pings,1.0
pinknatascha,1.0
pinkpop,1.0
piratenweekend,1.0
pissen,1.0
pitbull,1.0
pizza,1.0
pizzahut,1.0
pjpconsultancy,1.0
plaatje,1.0
plaatse,1.0
place,1.0
planckaert,1.0
planga,1.0
plantmateriaal,1.0
platanias,1.0
platen,1.0
platinas,1.0
playen,1.0
please,1.0
plee,1.0
pleidooi,1.0
plein,1.0
pleintje,1.0
plek,1.0
plussers,1.0
poah,1.0
podiumtijgers,1.0
poedersuiker,1.0
poepen,1.0
poetsen,1.0
politicus,1.0
politiek,1.0
politieke,1.0
polls,1.0
polo,1.0
pony,1.0
poor,1.0
pop,1.0
popo,1.0
poppen,1.0
poppenkast,1.0
popronde,1.0
populairder,1.0
porto,1.0
positieve,1.0
post,1.0
poster,1.0
postzegelbrig,1.0
potje,1.0
praktijk,1.0
presenteert,1.0
presteert,1.0
prijsvraag,1.0
prijzenzondag,1.0
prima,1.0
prinsophetwittepaard,1.0
proactiv,1.0
probeer,1.0
proberen,1.0
probleem,1.0
problematiek,1.0
procheria,1.0
product,1.0
producten,1.0
productiemedewerker,1.0
proef,1.0
profilering,1.0
profiteurs,1.0
program,1.0
promotie,1.0
prov,1.0
psssst,1.0
psychologen,1.0
psychologie,1.0
psychotic,1.0
pt,1.0
publiek,1.0
pur,1.0
pvda,1.0
pvdaraadslid,1.0
pvv,1.0
pw,1.0
pww,1.0
pyrosl,1.0
pz,1.0
på,1.0
qq,1.0
questie,1.0
quintyadidas,1.0
quiz,1.0
raad,1.0
raakt,1.0
raam,1.0
radionl,1.0
raken,1.0
raket,1.0
ram,1.0
ramadan,1.0
rambo,1.0
randstad,1.0
ranja,1.0
rap,1.0
rapper,1.0
rapporten,1.0
rapt,1.0
re,1.0
reacties,1.0
reageerde,1.0
real,1.0
realiteit,1.0
recalcitrant,1.0
recalcitrante,1.0
recente,1.0
receptuur,1.0
recht,1.0
rechtsom,1.0
reclame,1.0
reed,1.0
reel,1.0
regenen,1.0
regenwoud,1.0
regering,1.0
regionen,1.0
regor,1.0
reis,1.0
reisindustrie,1.0
rekeningen,1.0
ren,1.0
rentals,1.0
rep,1.0
republiek,1.0
respectloos,1.0
retweets,1.0
rezas,1.0
reële,1.0
rgv,1.0
ri,1.0
ribeiro,1.0
ricardo,1.0
rick,1.0
riera,1.0
riet,1.0
right,1.0
rii,1.0
rijksmuseum,1.0
rijn,1.0
rijnweek,1.0
ring,1.0
riskantegrappen,1.0
rk,1.0
robbert,1.0
robhero,1.0
robinstuivenbe,1.0
rock,1.0
rode,1.0
roemenen,1.0
roept,1.0
roer,1.0
roggebotsluis,1.0
rolin,1.0
romcom,1.0
ronddraaien,1.0
rondkomen,1.0
rondreed,1.0
rook,1.0
roosendaal,1.0
rory,1.0
rossen,1.0
roti,1.0
rowan,1.0
rowling,1.0
rozewolk,1.0
rrrrrrrrrrrr,1.0
rtbinnensec,1.0
rtl,1.0
rubennafca,1.0
rubyann,1.0
rucolapesto,1.0
ruikt,1.0
ruimen,1.0
ruimte,1.0
rusland,1.0
rust,1.0
ruzies,1.0
rwina,1.0
ryan,1.0
sa,1.0
safie,1.0
saidubby,1.0
salvador,1.0
sambeek,1.0
same,1.0
samen,1.0
samenvatting,1.0
san,1.0
sana,1.0
sang,1.0
sanne,1.0
sanoma,1.0
santana,1.0
sar,1.0
sara,1.0
sarai,1.0
sarcastisch,1.0
sav,1.0
save,1.0
savonds,1.0
saxofoon,1.0
saçma,1.0
scdl,1.0
schaaktoernooi,1.0
schaar,1.0
schaatser,1.0
schakel,1.0
schakelen,1.0
schali,1.0
schaliegas,1.0
schaliegasvrij,1.0
schamen,1.0
schandpaal,1.0
schapen,1.0
schappen,1.0
schat,1.0
schatjes,1.0
schatjje,1.0
schatjuuu,1.0
schattig,1.0
scheermesjes,1.0
scheffer,1.0
scheidsrechter,1.0
scheikunde,1.0
scheinheilige,1.0
scheldwoord,1.0
scherm,1.0
scheveningen,1.0
schiet,1.0
schilderen,1.0
schilderij,1.0
schiphol,1.0
schmilv,1.0
schoenen,1.0
schommel,1.0
schoolbesturen,1.0
schoolgaande,1.0
schoolging,1.0
schouderblessure,1.0
schreef,1.0
schrijf,1.0
schrijven,1.0
schrok,1.0
schuift,1.0
schumacher,1.0
schunck,1.0
scooter,1.0
scoren,1.0
script,1.0
scroller,1.0
se,1.0
seconde,1.0
seconden,1.0
sectorraad,1.0
securelink,1.0
security,1.0
sehr,1.0
selectie,1.0
sem,1.0
semester,1.0
senseo,1.0
serius,1.0
servertour,1.0
services,1.0
seven,1.0
sex,1.0
sexy,1.0
sexyness,1.0
sfeer,1.0
sgat,1.0
sgool,1.0
shakkiebu,1.0
shaquille,1.0
shemale,1.0
shen,1.0
shhvlezing,1.0
shine,1.0
shirt,1.0
shitt,1.0
shitzooi,1.0
shoppen,1.0
shouts,1.0
show,1.0
showeren,1.0
shownieuws,1.0
shttt,1.0
shuffle,1.0
shy,1.0
si,1.0
sich,1.0
sieht,1.0
siem,1.0
sillywoman,1.0
sin,1.0
sip,1.0
sirius,1.0
siss,1.0
situatie,1.0
sitzreihe,1.0
sjoesjes,1.0
sjonnie,1.0
sjownieuws,1.0
skip,1.0
sla,1.0
slaaaaaplekkahh,1.0
slaapje,1.0
slachtoffer,1.0
slang,1.0
slap,1.0
slapenn,1.0
slechte,1.0
slechts,1.0
slechtste,1.0
sleepinn,1.0
slice,1.0
sliedrecht,1.0
sliep,1.0
sliepen,1.0
slikt,1.0
slimme,1.0
slimmerd,1.0
sloom,1.0
slot,1.0
sloterdijk,1.0
sluipen,1.0
sluit,1.0
slvh,1.0
smeets,1.0
smerig,1.0
smit,1.0
smoesjes,1.0
smoke,1.0
smokko,1.0
sms,1.0
smsen,1.0
snap,1.0
snaps,1.0
snapt,1.0
sneek,1.0
snell,1.0
sneller,1.0
snellll,1.0
snoepie,1.0
social,1.0
soep,1.0
somatic,1.0
sonic,1.0
sonnenbrille,1.0
sonsbeek,1.0
sonst,1.0
sooi,1.0
sow,1.0
spaar,1.0
spaced,1.0
spannend,1.0
spanning,1.0
speeksel,1.0
spel,1.0
speler,1.0
spelletje,1.0
spelletjesmaker,1.0
sperma,1.0
spiekbriefje,1.0
spinnen,1.0
spirit,1.0
spitsbergen,1.0
spoorboog,1.0
sportam,1.0
sportverkiezinges,1.0
sportvoedingsconferentie,1.0
sporza,1.0
sprak,1.0
spreej,1.0
spreken,1.0
spreker,1.0
sprekers,1.0
sprint,1.0
sprinter,1.0
spul,1.0
spullen,1.0
srry,1.0
sslaapp,1.0
sss,1.0
staalbedrijf,1.0
staande,1.0
staar,1.0
staatshoofd,1.0
stad,1.0
stage,1.0
stalken,1.0
stalker,1.0
star,1.0
startpagina,1.0
startproblemen,1.0
stas,1.0
steht,1.0
stekelenburg,1.0
stelend,1.0
stella,1.0
stenen,1.0
ster,1.0
stereotype,1.0
sterker,1.0
sterren,1.0
sterrenbeeld,1.0
steun,1.0
steunen,1.0
stevie,1.0
stevig,1.0
stichting,1.0
stick,1.0
stickypanties,1.0
stiekem,1.0
stil,1.0
stipjes,1.0
stoer,1.0
stoere,1.0
stofzuigen,1.0
stom,1.0
stomste,1.0
stopt,1.0
stout,1.0
strandje,1.0
straten,1.0
stresst,1.0
string,1.0
stromae,1.0
stront,1.0
struikje,1.0
studeren,1.0
studiootje,1.0
stuit,1.0
stuitten,1.0
stukje,1.0
stuwt,1.0
style,1.0
styltang,1.0
subsidiepingelaar,1.0
subway,1.0
succesvol,1.0
sundayeve,1.0
superdag,1.0
supergero,1.0
supersimpel,1.0
superstar,1.0
superverbrander,1.0
supervisor,1.0
supporten,1.0
supporters,1.0
supriyadididi,1.0
sure,1.0
surinamer,1.0
swa,1.0
swag,1.0
sweetgirlxox,1.0
sy,1.0
symfony,1.0
synchroonkijken,1.0
syndroom,1.0
synoniem,1.0
sıradan,1.0
taalgebruik,1.0
taart,1.0
tafel,1.0
taferelen,1.0
tamara,1.0
tanning,1.0
tape,1.0
tapijt,1.0
tarwegras,1.0
tarwegrassap,1.0
tas,1.0
tatt,1.0
tausende,1.0
taylan,1.0
tcare,1.0
tdejong,1.0
tdj,1.0
technicus,1.0
techniek,1.0
teefslap,1.0
tege,1.0
tegemoet,1.0
tegenover,1.0
tegenstanders,1.0
tegenwoordig,1.0
teken,1.0
tekenen,1.0
tekent,1.0
tekst,1.0
telaat,1.0
telefoongesprek,1.0
telegraafnl,1.0
televisie,1.0
temperatuur,1.0
ten,1.0
tennis,1.0
tentamens,1.0
terecht,1.0
term,1.0
terneuzen,1.0
terras,1.0
terrecht,1.0
terrein,1.0
terrorist,1.0
teruggezet,1.0
terughalen,1.0
terugkijken,1.0
tess,1.0
test,1.0
tetep,1.0
tevens,1.0
tfoe,1.0
tfoee,1.0
tga,1.0
thaiboks,1.0
thank,1.0
thanks,1.0
that,1.0
thema,1.0
themesong,1.0
themuppets,1.0
thong,1.0
thuiss,1.0
tickets,1.0
tie,1.0
tien,1.0
tiendplein,1.0
tieneraccount,1.0
tienerbijbel,1.0
tienerswaggs,1.0
tientje,1.0
tierelier,1.0
tieten,1.0
tihd,1.0
tijden,1.0
tijdjj,1.0
til,1.0
timmm,1.0
timo,1.0
timobl,1.0
timreitsma,1.0
tinus,1.0
tiny,1.0
titel,1.0
tja,1.0
tjerk,1.0
tjil,1.0
tk,1.0
tnx,1.0
to,1.0
tochnog,1.0
toegang,1.0
toegedekt,1.0
toegeven,1.0
toegeworpen,1.0
toekijken,1.0
toekomst,1.0
toelaten,1.0
toepassing,1.0
toestel,1.0
toetieüòò,1.0
toetsen,1.0
toevallig,1.0
toeverlaat,1.0
toffe,1.0
tog,1.0
togal,1.0
tombeek,1.0
tong,1.0
topmop,1.0
toppie,1.0
totaal,1.0
totdat,1.0
tour,1.0
traan,1.0
trading,1.0
trafohuisje,1.0
training,1.0
transfers,1.0
trap,1.0
traumaverwerking,1.0
tree,1.0
trekken,1.0
triest,1.0
trip,1.0
troep,1.0
trolley,1.0
trotse,1.0
trouwen,1.0
trouwerij,1.0
trouwste,1.0
truste,1.0
trusten,1.0
truthordare,1.0
tsbx,1.0
tschoogleraar,1.0
tsja,1.0
tuin,1.0
tuinhuisje,1.0
tuinvogeltelling,1.0
tulpen,1.0
tulpkeukens,1.0
tumblr,1.0
turken,1.0
turkije,1.0
tussenkomst,1.0
tussenstand,1.0
tv,1.0
tvk,1.0
twaalf,1.0
tweede,1.0
tweeduizend,1.0
tweette,1.0
twenterand,1.0
twerkteam,1.0
twijfel,1.0
twijfelen,1.0
twijfels,1.0
twitt,1.0
twitteren,1.0
tyd,1.0
tygo,1.0
type,1.0
types,1.0
tzu,1.0
ubn,1.0
uggs,1.0
ugh,1.0
uh,1.0
uhm,1.0
uhu,1.0
uitdeneus,1.0
uiterst,1.0
uiterste,1.0
uiteten,1.0
uitgaan,1.0
uitgedaald,1.0
uitgedaan,1.0
uitgeest,1.0
uitgesloten,1.0
uitgeven,1.0
uithaal,1.0
uithoek,1.0
uitmaken,1.0
uitnodigingen,1.0
uitpakken,1.0
uitrekken,1.0
uitslag,1.0
uitval,1.0
uitverkocht,1.0
uitvinden,1.0
uitwedstrijd,1.0
uitwedstrijden,1.0
uitzendbureau,1.0
uitzetten,1.0
und,1.0
undercover,1.0
unf,1.0
unglºckszahl,1.0
uniek,1.0
unieke,1.0
unlocken,1.0
update,1.0
uren,1.0
urgg,1.0
us,1.0
utopia,1.0
uurtjes,1.0
uynfxkk,1.0
vaagste,1.0
vaderr,1.0
vagabond,1.0
vagebond,1.0
vak,1.0
vakantietijd,1.0
vakantievierder,1.0
vakbond,1.0
valentijnsdiner,1.0
valet,1.0
vallen,1.0
vals,1.0
vanaaf,1.0
vanacht,1.0
vandaaaaaaaaag,1.0
vande,1.0
vandoor,1.0
vangen,1.0
vanje,1.0
vanochtend,1.0
vanwege,1.0
varen,1.0
varken,1.0
vastgoedtransacties,1.0
vasthoud,1.0
vaticaan,1.0
vdk,1.0
ve,1.0
vechte,1.0
veeelste,1.0
veelste,1.0
veenendaal,1.0
veetje,1.0
vegas,1.0
veilig,1.0
veiligheidstroepen,1.0
velden,1.0
vele,1.0
venlo,1.0
verander,1.0
verbaasd,1.0
verbazing,1.0
verbeek,1.0
verbetering,1.0
verdacht,1.0
verdedigen,1.0
verdediger,1.0
verdedigers,1.0
verdiend,1.0
verdikkeme,1.0
verdoe,1.0
verdrietig,1.0
verdubbelt,1.0
verduurzaming,1.0
vereenvoudigde,1.0
vereerd,1.0
vergadering,1.0
vergiftigd,1.0
vergiftiging,1.0
verhaal,1.0
verhalen,1.0
verhoudings,1.0
verjaardagscadeau,1.0
verkeerdd,1.0
verkeersongeval,1.0
verkering,1.0
verkiest,1.0
verklein,1.0
verkloot,1.0
verkocht,1.0
verkouden,1.0
verkrijgbaar,1.0
verlaat,1.0
verlaten,1.0
verlengd,1.0
verlief,1.0
verliefd,1.0
verlier,1.0
verloren,1.0
verloskunde,1.0
verlost,1.0
vermaakt,1.0
vermijden,1.0
vermits,1.0
vermoed,1.0
vermoedelijk,1.0
vermoeden,1.0
verneveling,1.0
vernieuwde,1.0
veronique,1.0
verpakking,1.0
verpest,1.0
verpesten,1.0
verplichting,1.0
verrassen,1.0
verrijking,1.0
verschil,1.0
versie,1.0
verslag,1.0
verslapen,1.0
verslikken,1.0
verspreiding,1.0
verstand,1.0
vertaald,1.0
verteld,1.0
vertelt,1.0
vertraging,1.0
vertrouw,1.0
vertrouwen,1.0
verus,1.0
verveeeeeeel,1.0
verveelend,1.0
verveelng,1.0
vervelend,1.0
vervelende,1.0
vervolgens,1.0
verwaarloos,1.0
verwaarloost,1.0
verwachtingen,1.0
verwerkt,1.0
verzameld,1.0
verzend,1.0
verzenden,1.0
verzon,1.0
verzorging,1.0
vete,1.0
veten,1.0
vette,1.0
vettel,1.0
vettig,1.0
vevonederland,1.0
veéééééé,1.0
vie,1.0
vier,1.0
vijver,1.0
vine,1.0
vinger,1.0
vis,1.0
visitor,1.0
visje,1.0
vista,1.0
viva,1.0
vk,1.0
vlaams,1.0
vlaanderen,1.0
vlakbij,1.0
vlees,1.0
vlieg,1.0
vliegt,1.0
vliegtuig,1.0
vlucht,1.0
vmt,1.0
vng,1.0
vngbestuur,1.0
vochten,1.0
voedingsmiddelen,1.0
voedselbankmoerwijk,1.0
voeten,1.0
voice,1.0
volgde,1.0
volgeboekt,1.0
volkstuin,1.0
volle,1.0
volledige,1.0
vonden,1.0
voomalige,1.0
voorbeeldbericht,1.0
voorbereiden,1.0
voorbereidingen,1.0
voordat,1.0
voorgerecht,1.0
voorhand,1.0
voorkomen,1.0
voorlichting,1.0
voormij,1.0
voorseizoen,1.0
voorsprong,1.0
voorstel,1.0
voorstellen,1.0
vooruit,1.0
vooruitzicht,1.0
voorzichtige,1.0
vor,1.0
vorbeifahre,1.0
vordert,1.0
vorhin,1.0
vorige,1.0
vorm,1.0
vossig,1.0
vouw,1.0
vr,1.0
vraagt,1.0
vreetzakjee,1.0
vreugdeoord,1.0
vriendlief,1.0
vries,1.0
vriezenveenlife,1.0
vrijegeluiden,1.0
vrijheid,1.0
vrijspringen,1.0
vrolijk,1.0
vrolijke,1.0
vrou,1.0
vrouwtje,1.0
vs,1.0
vul,1.0
vuurvliegjes,1.0
vuurwerk,1.0
vvk,1.0
vw,1.0
vz,1.0
wa,1.0
waaar,1.0
waanzin,1.0
waarde,1.0
waardoor,1.0
waaren,1.0
waarmee,1.0
waarna,1.0
waarneming,1.0
waarover,1.0
waarvan,1.0
waarüòú,1.0
waauuw,1.0
wajong,1.0
wake,1.0
wakkerrrrr,1.0
wakkkeerrr,1.0
wandelgroep,1.0
wangen,1.0
wapenen,1.0
wapp,1.0
ward,1.0
ware,1.0
warme,1.0
watbedoelje,1.0
watching,1.0
wateenherrie,1.0
watersportondernemers,1.0
wats,1.0
watte,1.0
wawrinka,1.0
waxht,1.0
waxinelichthouder,1.0
wayne,1.0
wbf,1.0
weddie,1.0
wedstrijden,1.0
weeeenie,1.0
weeg,1.0
weekendje,1.0
weekendploeg,1.0
weekers,1.0
weernu,1.0
weetje,1.0
weggeklikt,1.0
wegrennen,1.0
weiü,1.0
wejowww,1.0
wela,1.0
welche,1.0
welkom,1.0
wellus,1.0
welt,1.0
welterusten,1.0
wen,1.0
werchterdagkaart,1.0
werden,1.0
werdt,1.0
wereldkampioen,1.0
werenfridus,1.0
werkbespreking,1.0
werkcarriere,1.0
werkdag,1.0
werkelijk,1.0
werkenn,1.0
werking,1.0
werkxyz,1.0
werner,1.0
wes,1.0
westervoort,1.0
westhovenplein,1.0
westkruiskade,1.0
westside,1.0
westvlamingen,1.0
whaah,1.0
whahahaha,1.0
whahhwhahwhahwhahhwhahwah,1.0
whateve,1.0
whatsappen,1.0
who,1.0
wi,1.0
wickedtof,1.0
wiel,1.0
wies,1.0
wiest,1.0
wifey,1.0
wifi,1.0
wijchen,1.0
wijk,1.0
wijst,1.0
wilders,1.0
wilhelminaweg,1.0
wimds,1.0
windrichting,1.0
winkelcentrum,1.0
winnnen,1.0
winterbanden,1.0
winterbierfestival,1.0
winterkleren,1.0
winterswijk,1.0
wintertijden,1.0
wis,1.0
wishyouwherehere,1.0
wiskund,1.0
wiskundigen,1.0
wit,1.0
witte,1.0
wjnmk,1.0
wkbestemming,1.0
wkkr,1.0
wl,1.0
wmo,1.0
wnr,1.0
woehoe,1.0
woei,1.0
woensdag,1.0
woensdagochtend,1.0
woerden,1.0
wollen,1.0
wollte,1.0
wonden,1.0
wonder,1.0
wonen,1.0
woon,1.0
woonachtig,1.0
woonkamer,1.0
woorden,1.0
woordje,1.0
worde,1.0
wordpress,1.0
work,1.0
would,1.0
wrm,1.0
ws,1.0
wwwvechtentegendezeenl,1.0
xdxdxd,1.0
xi,1.0
xjudithhh,1.0
xkusjelynn,1.0
xly,1.0
xq,1.0
xverenax,1.0
xxhouvanje,1.0
xxxxxxxxzxxxxxxxxxxxxx,1.0
y,1.0
yaa,1.0
yay,1.0
yeeh,1.0
yepjulian,1.0
yk,1.0
yok,1.0
your,1.0
youre,1.0
yoursophie,1.0
youth,1.0
yuna,1.0
yvonnejakobs,1.0
za,1.0
zaak,1.0
zacht,1.0
zahl,1.0
zak,1.0
zalig,1.0
zamwa,1.0
zaterdagavond,1.0
zecht,1.0
zee,1.0
zeeuw,1.0
zeilen,1.0
zelfgemaakte,1.0
zelfmoord,1.0
zelhem,1.0
zemelaar,1.0
zen,1.0
zes,1.0
zet,1.0
zeuren,1.0
zh,1.0
zieke,1.0
zieken,1.0
ziekte,1.0
zienswijzecaf,1.0
ziin,1.0
zijk,1.0
zijp,1.0
zijs,1.0
zijt,1.0
zingt,1.0
zip,1.0
zitteh,1.0
zl,1.0
zlatan,1.0
zn,1.0
zocht,1.0
zodanig,1.0
zoeke,1.0
zoekoppasnl,1.0
zoenen,1.0
zoetermeer,1.0
zombie,1.0
zomertijd,1.0
zondagse,1.0
zonde,1.0
zong,1.0
zoni,1.0
zonneenergie,1.0
zonneschijn,1.0
zonnetje,1.0
zonnige,1.0
zonovergoten,1.0
zoo,1.0
zooi,1.0
zooo,1.0
zora,1.0
zorg,1.0
zorglandschap,1.0
zorgloont,1.0
zorgverzeke,1.0
zovan,1.0
zovele,1.0
zover,1.0
zowel,1.0
zowiezo,1.0
zozo,1.0
zuen,1.0
zuiderzeestraatweg,1.0
zuidwesten,1.0
zuipen,1.0
zult,1.0
zusje,1.0
zuur,1.0
zwa,1.0
zwak,1.0
zwangerschaps,1.0
zwartbruin,1.0
zwarte,1.0
zweer,1.0
zwembadrand,1.0
zwemmen,1.0
zwijgen,1.0
zwinkels,1.0
zyn,1.0
zz,1.0
zzp,1.0
zzper,1.0
zzw,1.0
ºber,1.0
ºrnbergcoach,1.0
ätzend,1.0
äòajaxuit,1.0
äòik,1.0
äòt,1.0
äùdeze,1.0
äùelleboog,1.0
én,1.0
ûae,1.0
ûaeävandaag,1.0
üëå,1.0
üíüìö,1.0
üòçüòç,1.0
üòçüòçüòçüòç,1.0
üòçüòçüòçüòçüòç,1.0
üòé,1.0
üòò,1.0
üòüò,1.0
üòüòç,1.0
şey,1.0
aangifte,2.0
aanpak,2.0
aant,2.0
ach,2.0
achtig,2.0
actie,2.0
adnl,2.0
afscheid,2.0
again,2.0
ahaha,2.0
ahahahaha,2.0
ahh,2.0
ai,2.0
ajax,2.0
ak,2.0
akkoord,2.0
aktie,2.0
aku,2.0
albert,2.0
album,2.0
alsjeblieft,2.0
amro,2.0
ananas,2.0
and,2.0
antwerpen,2.0
apen,2.0
app,2.0
appel,2.0
apple,2.0
armen,2.0
asshole,2.0
ava,2.0
avondje,2.0
avonds,2.0
babbel,2.0
back,2.0
bah,2.0
bang,2.0
bb,2.0
bbm,2.0
be,2.0
bedje,2.0
begonnen,2.0
behalve,2.0
behandeld,2.0
belg,2.0
bemoeien,2.0
bende,2.0
benen,2.0
beng,2.0
bericht,2.0
betaalt,2.0
betekenen,2.0
betekent,2.0
bewolkt,2.0
bewoners,2.0
bezoek,2.0
bezoekt,2.0
bier,2.0
binnenkort,2.0
blijkt,2.0
blinde,2.0
bloed,2.0
blond,2.0
bluemonday,2.0
bo,2.0
boek,2.0
boekhuis,2.0
boo,2.0
brandevoort,2.0
brief,2.0
broek,2.0
c,2.0
cathydonks,2.0
chagrijnig,2.0
chill,2.0
chille,2.0
cigo,2.0
cijfer,2.0
cola,2.0
college,2.0
commentaar,2.0
cookies,2.0
crane,2.0
crisis,2.0
cupmaat,2.0
da,2.0
dam,2.0
damn,2.0
dansen,2.0
date,2.0
david,2.0
days,2.0
delen,2.0
deur,2.0
dicht,2.0
dick,2.0
diegene,2.0
dienst,2.0
diep,2.0
discozwemmen,2.0
diten,2.0
do,2.0
dochter,2.0
drogegrappen,2.0
droom,2.0
du,2.0
dun,2.0
duo,2.0
duur,2.0
eat,2.0
eb,2.0
ec,2.0
echte,2.0
economie,2.0
editie,2.0
eerder,2.0
eet,2.0
ef,2.0
egt,2.0
egypte,2.0
ehh,2.0
ek,2.0
elk,2.0
em,2.0
engelse,2.0
eraan,2.0
erin,2.0
ervaring,2.0
extra,2.0
face,2.0
familie,2.0
fan,2.0
fans,2.0
favoriet,2.0
feit,2.0
fietsvierdaagse,2.0
fiona,2.0
fk,2.0
follow,2.0
for,2.0
foutje,2.0
franse,2.0
ft,2.0
fuck,2.0
fut,2.0
geak,2.0
gebeten,2.0
gebeuren,2.0
gebruik,2.0
gedacht,2.0
gefeliciteerd,2.0
gegeten,2.0
gehoord,2.0
gekregen,2.0
gelezen,2.0
gelukt,2.0
gemeenten,2.0
genegeerd,2.0
geniet,2.0
genieten,2.0
gescoord,2.0
gesloten,2.0
geval,2.0
gevangenis,2.0
geweldig,2.0
geweldige,2.0
gewend,2.0
gezegt,2.0
gezet,2.0
gezien,2.0
gezond,2.0
ggz,2.0
gisteravond,2.0
goeds,2.0
goeie,2.0
goh,2.0
goodnight,2.0
grap,2.0
grapje,2.0
grolsch,2.0
groot,2.0
grote,2.0
groter,2.0
gvd,2.0
ha,2.0
hahahahaha,2.0
hahahahahaha,2.0
halve,2.0
harte,2.0
hartjes,2.0
hea,2.0
heerlen,2.0
helaas,2.0
hell,2.0
her,2.0
herkenbaar,2.0
herkent,2.0
hersteld,2.0
hetzelfde,2.0
hhahaha,2.0
hiermee,2.0
hm,2.0
hond,2.0
hooor,2.0
hopen,2.0
hulle,2.0
hy,2.0
hé,2.0
ict,2.0
idd,2.0
idee,2.0
indruk,2.0
infographic,2.0
infra,2.0
inleveren,2.0
inmiddels,2.0
ipod,2.0
ipv,2.0
jaloers,2.0
janbennink,2.0
jarig,2.0
jochie,2.0
joel,2.0
joggen,2.0
joh,2.0
jouu,2.0
jouw,2.0
juist,2.0
kaba,2.0
kabinet,2.0
kachel,2.0
kamp,2.0
kant,2.0
kantoor,2.0
kapstokken,2.0
kenjedat,2.0
kenker,2.0
kennen,2.0
kent,2.0
kiest,2.0
kiezen,2.0
klaarwakker,2.0
kleur,2.0
km,2.0
koning,2.0
koningslied,2.0
kreeg,2.0
kun,2.0
kussen,2.0
kwartier,2.0
l,2.0
lady,2.0
land,2.0
late,2.0
lauwersland,2.0
lazio,2.0
leden,2.0
leeft,2.0
leeftijd,2.0
leiders,2.0
lekkerder,2.0
lente,2.0
les,2.0
leugenaar,2.0
lezen,2.0
liefje,2.0
liefste,2.0
lieve,2.0
lig,2.0
liggen,2.0
limburg,2.0
long,2.0
loppersum,2.0
lovee,2.0
luisteren,2.0
lul,2.0
maan,2.0
maanden,2.0
main,2.0
makeup,2.0
manier,2.0
mann,2.0
manon,2.0
mb,2.0
media,2.0
mediatheek,2.0
meids,2.0
meld,2.0
melding,2.0
meteen,2.0
metharryvansunweb,2.0
minuut,2.0
miss,2.0
misselijk,2.0
missen,2.0
mist,2.0
mocht,2.0
mogelijk,2.0
moment,2.0
mond,2.0
mongool,2.0
mooiste,2.0
mop,2.0
muggen,2.0
naaktfoto,2.0
nacht,2.0
nap,2.0
natuurlijke,2.0
ncd,2.0
nederlands,2.0
neeeeee,2.0
neeh,2.0
neem,2.0
negeer,2.0
never,2.0
neymar,2.0
ngene,2.0
nice,2.0
nicht,2.0
nieuwsgierig,2.0
nigeria,2.0
nintendo,2.0
noemen,2.0
noord,2.0
oe,2.0
okee,2.0
okeee,2.0
okeoke,2.0
omw,2.0
one,2.0
ong,2.0
ongeveer,2.0
onwijs,2.0
oor,2.0
oordeel,2.0
oost,2.0
opa,2.0
opdoen,2.0
ophalen,2.0
oplader,2.0
opschieten,2.0
oranje,2.0
organisatie,2.0
origineel,2.0
ouder,2.0
overleden,2.0
pad,2.0
pakt,2.0
papa,2.0
partij,2.0
pec,2.0
perongeluk,2.0
personen,2.0
persoonlijke,2.0
ping,2.0
plaatsen,2.0
planning,2.0
po,2.0
polare,2.0
popmuziek,2.0
potions,2.0
pr,2.0
probeert,2.0
programma,2.0
ps,2.0
psv,2.0
punt,2.0
r,2.0
random,2.0
rawbestek,2.0
reactie,2.0
reageren,2.0
realiseert,2.0
red,2.0
redelijk,2.0
regelmatig,2.0
rekening,2.0
rent,2.0
rest,2.0
richting,2.0
rijden,2.0
rijdt,2.0
ronaldo,2.0
ronde,2.0
roze,2.0
rug,2.0
rugpijn,2.0
ruim,2.0
russische,2.0
scheelt,2.0
schildpad,2.0
schoon,2.0
schule,2.0
scorro,2.0
sec,2.0
serieuze,2.0
server,2.0
single,2.0
situaties,2.0
slaapt,2.0
slaat,2.0
sloeg,2.0
snelheid,2.0
sommerferien,2.0
soort,2.0
sp,2.0
speciale,2.0
spoor,2.0
sportdag,2.0
springen,2.0
ss,2.0
sta,2.0
stamppot,2.0
stand,2.0
stappen,2.0
start,2.0
steekt,2.0
stellen,2.0
stelt,2.0
sterkte,2.0
stinkt,2.0
stond,2.0
stoppen,2.0
strand,2.0
sturen,2.0
stuur,2.0
su,2.0
team,2.0
telkens,2.0
tenzij,2.0
tijdens,2.0
tijdperk,2.0
tip,2.0
tips,2.0
tix,2.0
tje,2.0
toby,2.0
toezichthouder,2.0
tof,2.0
track,2.0
trainen,2.0
tranen,2.0
trots,2.0
trouwens,2.0
tweets,2.0
twexit,2.0
twinkel,2.0
uitleggen,2.0
um,2.0
uzb,2.0
vanmiddag,2.0
vanmorgen,2.0
vannacht,2.0
vanuit,2.0
vecht,2.0
veeerx,2.0
vent,2.0
veranderen,2.0
verandert,2.0
verbergen,2.0
verbrand,2.0
verdient,2.0
verdwenen,2.0
vergeet,2.0
verjaardag,2.0
verkeerd,2.0
verkeerde,2.0
verleden,2.0
versteh,2.0
vertalen,2.0
vertellen,2.0
vervangen,2.0
verwijder,2.0
verwijderd,2.0
vies,2.0
vindt,2.0
vir,2.0
vitesse,2.0
vlammen,2.0
vloer,2.0
vo,2.0
voeding,2.0
voelen,2.0
voeren,2.0
voet,2.0
voetballen,2.0
vol,2.0
volgend,2.0
volgende,2.0
volgt,2.0
volledig,2.0
voorlopig,2.0
vreemd,2.0
vrienden,2.0
vriendin,2.0
vriendje,2.0
vrouwen,2.0
vwo,2.0
w,2.0
waarbij,2.0
waard,2.0
waarin,2.0
wacht,2.0
wachtwoord,2.0
water,2.0
waterrad,2.0
wee,2.0
weil,2.0
wejo,2.0
weken,2.0
welzijn,2.0
wenn,2.0
werkt,2.0
west,2.0
wilde,2.0
wind,2.0
windows,2.0
wint,2.0
with,2.0
wollah,2.0
workshop,2.0
world,2.0
wyborgh,2.0
xx,2.0
xxx,2.0
youtubevideo,2.0
zeppelin,2.0
ziekenhuis,2.0
zodat,2.0
zorgt,2.0
zouden,2.0
zuid,2.0
zuidholland,2.0
zullen,2.0
äì,2.0
äô,2.0
üò,2.0
abn,3.0
achter,3.0
achterhoek,3.0
actueel,3.0
afstand,3.0
ah,3.0
ajapsv,3.0
alsnog,3.0
an,3.0
ander,3.0
arm,3.0
arnhem,3.0
auto,3.0
baby,3.0
bank,3.0
batterij,3.0
beeld,3.0
been,3.0
belgie,3.0
benieuwd,3.0
boete,3.0
boy,3.0
brengen,3.0
broertje,3.0
btw,3.0
centraal,3.0
cijfers,3.0
club,3.0
cm,3.0
dagje,3.0
dankje,3.0
deed,3.0
den,3.0
doei,3.0
dom,3.0
drie,3.0
dromen,3.0
druk,3.0
effe,3.0
eg,3.0
ene,3.0
engels,3.0
erger,3.0
ermee,3.0
erover,3.0
ervoor,3.0
euro,3.0
februari,3.0
filmpje,3.0
fissa,3.0
flikkeren,3.0
game,3.0
gebruiken,3.0
gegeven,3.0
geile,3.0
geld,3.0
geloof,3.0
gesprek,3.0
gevoelens,3.0
geworden,3.0
gn,3.0
goedemorgen,3.0
got,3.0
graden,3.0
gratis,3.0
groenlinks,3.0
guten,3.0
haal,3.0
hadden,3.0
hahah,3.0
hallo,3.0
harde,3.0
hart,3.0
heelherkenbaar,3.0
heerlijk,3.0
heet,3.0
heks,3.0
help,3.0
hoeft,3.0
hoeveel,3.0
hoezo,3.0
hoi,3.0
hoofd,3.0
hoort,3.0
houden,3.0
idk,3.0
ie,3.0
iedere,3.0
ikke,3.0
ineens,3.0
interessant,3.0
jaaa,3.0
jammer,3.0
jaren,3.0
jawel,3.0
jayjay,3.0
jijbenthet,3.0
jood,3.0
julian,3.0
kerk,3.0
kill,3.0
kkr,3.0
kleine,3.0
kort,3.0
kutwijf,3.0
langer,3.0
langs,3.0
last,3.0
levert,3.0
liever,3.0
life,3.0
like,3.0
link,3.0
lip,3.0
luister,3.0
luistert,3.0
maandag,3.0
makkelijk,3.0
mannen,3.0
marketing,3.0
meeste,3.0
mens,3.0
mezelf,3.0
mike,3.0
minuten,3.0
mja,3.0
moeilijk,3.0
moeite,3.0
mogen,3.0
moslim,3.0
nieuw,3.0
nogsteeds,3.0
normaal,3.0
now,3.0
on,3.0
opruimen,3.0
oude,3.0
ouwe,3.0
pak,3.0
plaats,3.0
plezier,3.0
prijs,3.0
prijzen,3.0
raadslid,3.0
rapport,3.0
reden,3.0
regio,3.0
reizen,3.0
rennen,3.0
rood,3.0
rot,3.0
rotterdam,3.0
saai,3.0
sam,3.0
seizoen,3.0
service,3.0
sinds,3.0
site,3.0
sneeuw,3.0
sociale,3.0
sowieso,3.0
speelt,3.0
ste,3.0
stem,3.0
stemmen,3.0
stop,3.0
suiker,3.0
ter,3.0
the,3.0
tis,3.0
trein,3.0
trut,3.0
tweeten,3.0
utrecht,3.0
utrfey,3.0
uurtje,3.0
v,3.0
verder,3.0
vet,3.0
video,3.0
voelt,3.0
voetbal,3.0
volgers,3.0
vooral,3.0
vragen,3.0
vroeger,3.0
vrouw,3.0
warm,3.0
weinig,3.0
weten,3.0
winnaar,3.0
winnen,3.0
winst,3.0
wou,3.0
wow,3.0
wtf,3.0
xfactor,3.0
zat,3.0
zelfde,3.0
zelfs,3.0
zingen,3.0
zoals,3.0
zoeken,3.0
zoekt,3.0
zojuist,3.0
zomaar,3.0
zometeen,3.0
zoon,3.0
zorgen,3.0
zware,3.0
zwolle,3.0
ğªќ,3.0
aandacht,4.0
anderen,4.0
as,4.0
balhaar,4.0
begint,4.0
belangrijk,4.0
beneden,4.0
boys,4.0
daarna,4.0
das,4.0
douchen,4.0
drinken,4.0
eerlijk,4.0
eerst,4.0
ei,4.0
ein,4.0
eng,4.0
enige,4.0
eruit,4.0
et,4.0
ey,4.0
fb,4.0
fc,4.0
feyenoord,4.0
fockopp,4.0
frans,4.0
gek,4.0
geleden,4.0
gelijk,4.0
geneukt,4.0
gevallen,4.0
gevoel,4.0
gevonden,4.0
gewonnen,4.0
gij,4.0
gingen,4.0
gisteren,4.0
god,4.0
goede,4.0
groep,4.0
h,4.0
hahahahah,4.0
half,4.0
hand,4.0
helpen,4.0
hmm,4.0
hoef,4.0
horen,4.0
hè,4.0
ieder,4.0
inderdaad,4.0
info,4.0
januari,4.0
jeugd,4.0
juli,4.0
ka,4.0
keek,4.0
kleren,4.0
klopt,4.0
lange,4.0
lees,4.0
lelijk,4.0
let,4.0
liedje,4.0
ligt,4.0
lol,4.0
lopen,4.0
lui,4.0
maakt,4.0
mam,4.0
mama,4.0
messi,4.0
miljard,4.0
morge,4.0
naam,4.0
naast,4.0
nederland,4.0
no,4.0
noemt,4.0
nummer,4.0
ofzo,4.0
oma,4.0
omfg,4.0
ooit,4.0
oplossing,4.0
opnieuw,4.0
pa,4.0
persoon,4.0
plan,4.0
praten,4.0
pussy,4.0
q,4.0
relatie,4.0
roken,4.0
serieus,4.0
sessie,4.0
sexdating,4.0
spanje,4.0
spelen,4.0
straat,4.0
stress,4.0
succes,4.0
teveel,4.0
tijdje,4.0
tilburg,4.0
twente,4.0
up,4.0
vader,4.0
vanaf,4.0
ver,4.0
verloten,4.0
verveel,4.0
vieze,4.0
volgen,4.0
vriend,4.0
vrij,4.0
waarheid,4.0
weekend,4.0
wekker,4.0
werk,4.0
win,4.0
wiskunde,4.0
wist,4.0
you,4.0
zag,4.0
zeer,4.0
zetten,4.0
zwaar,4.0
ç,4.0
üòç,4.0
account,5.0
b,5.0
beef,5.0
beginnen,5.0
binnen,5.0
blijf,5.0
boeken,5.0
denken,5.0
denkt,5.0
dm,5.0
duits,5.0
eigenlijk,5.0
fietsen,5.0
fijn,5.0
fijne,5.0
g,5.0
gegaan,5.0
gelukkig,5.0
genoeg,5.0
gezeik,5.0
gister,5.0
godverdomme,5.0
hard,5.0
huilen,5.0
idioot,5.0
internet,5.0
iphone,5.0
ist,5.0
jan,5.0
jezus,5.0
kanker,5.0
kans,5.0
kies,5.0
klein,5.0
klinkt,5.0
kwijt,5.0
laten,5.0
leugen,5.0
licht,5.0
loopt,5.0
malloot,5.0
meest,5.0
megool,5.0
meid,5.0
minder,5.0
misschien,5.0
mobiel,5.0
nat,5.0
natuurlijk,5.0
ni,5.0
nieuws,5.0
ogen,5.0
onder,5.0
opstaan,5.0
ouders,5.0
pakken,5.0
per,5.0
politie,5.0
prachtig,5.0
raar,5.0
rond,5.0
ruzie,5.0
sexdate,5.0
slaap,5.0
spijt,5.0
sport,5.0
stel,5.0
stuk,5.0
sukkel,5.0
terwijl,5.0
toets,5.0
topmoppen,5.0
tussen,5.0
valt,5.0
vast,5.0
vergeten,5.0
vertel,5.0
vond,5.0
vrijdag,5.0
wachten,5.0
website,5.0
wens,5.0
zegt,5.0
ziek,5.0
zitten,5.0
zondag,5.0
zoveel,5.0
alweer,6.0
amsterdam,6.0
blijven,6.0
dacht,6.0
dik,6.0
dr,6.0
elke,6.0
feestje,6.0
godsamme,6.0
godver,6.0
graag,6.0
groningen,6.0
heen,6.0
hoop,6.0
houdt,6.0
koffie,6.0
krijg,6.0
krijgen,6.0
krijgt,6.0
laatste,6.0
later,6.0
liefde,6.0
los,6.0
mooie,6.0
naffer,6.0
nigger,6.0
ochtend,6.0
opeens,6.0
pijn,6.0
praat,6.0
precies,6.0
staan,6.0
sws,6.0
top,6.0
vacature,6.0
verkloten,6.0
voel,6.0
zaterdag,6.0
zomer,6.0
äî,6.0
bedankt,7.0
bitch,7.0
blijft,7.0
boos,7.0
bus,7.0
dank,7.0
dikke,7.0
ding,7.0
eindelijk,7.0
enzo,7.0
f,7.0
fucktup,7.0
gemaakt,7.0
ging,7.0
grrr,7.0
hahahaha,7.0
haten,7.0
hel,7.0
hoer,7.0
houd,7.0
http,7.0
ich,7.0
jongens,7.0
kamer,7.0
kind,7.0
kinderen,7.0
klas,7.0
koud,7.0
kwam,7.0
lief,7.0
m,7.0
ma,7.0
moeder,7.0
poep,7.0
regen,7.0
slecht,7.0
sorry,7.0
tsss,7.0
twee,7.0
tweet,7.0
vaak,7.0
verwacht,7.0
vraag,7.0
wauw,7.0
week,7.0
welke,7.0
wereld,7.0
ziet,7.0
avond,8.0
begin,8.0
bezig,8.0
bijna,8.0
boven,8.0
ck,8.0
down,8.0
elkaar,8.0
es,8.0
film,8.0
fokkin,8.0
geef,8.0
gehad,8.0
geven,8.0
grappig,8.0
grr,8.0
gwn,8.0
i,8.0
jezelf,8.0
jongen,8.0
kak,8.0
kapot,8.0
lang,8.0
lijkt,8.0
moe,8.0
open,8.0
paar,8.0
soms,8.0
tyfus,8.0
wilt,8.0
zielig,8.0
äù,8.0
alle,9.0
beste,9.0
buiten,9.0
doet,9.0
facebook,9.0
fiets,9.0
geplaatst,9.0
gezellig,9.0
homo,9.0
jaa,9.0
klote,9.0
kunt,9.0
love,9.0
mis,9.0
moest,9.0
my,9.0
nerd,9.0
nodig,9.0
o,9.0
schatje,9.0
volgens,9.0
vroeg,9.0
waffel,9.0
werken,9.0
wijf,9.0
wijven,9.0
zeiken,9.0
brandstapel,10.0
eh,10.0
fucking,10.0
gedaan,10.0
leren,10.0
maak,10.0
moeten,10.0
niemand,10.0
nl,10.0
omg,10.0
pas,10.0
slet,10.0
sommige,10.0
staat,10.0
steeds,10.0
straks,10.0
telefoon,10.0
toe,10.0
tss,10.0
verdomd,10.0
vinden,10.0
wanneer,10.0
willen,10.0
zeg,10.0
zie,10.0
äú,10.0
bed,11.0
bek,11.0
gt,11.0
kansloos,11.0
keer,11.0
leuke,11.0
mag,11.0
motherfucker,11.0
oke,11.0
schijt,11.0
tering,11.0
zien,11.0
zoek,11.0
alleen,12.0
dagen,12.0
facking,12.0
filmen,12.0
halen,12.0
hele,12.0
irriteer,12.0
kk,12.0
komen,12.0
nie,12.0
onze,12.0
so,12.0
super,12.0
thuis,12.0
vanavond,12.0
verdomme,12.0
volg,12.0
ô,12.0
allemaal,13.0
anders,13.0
best,13.0
dingen,13.0
eerste,13.0
eigen,13.0
emo,13.0
kansloze,13.0
meisje,13.0
niks,13.0
snel,13.0
blij,14.0
eten,14.0
ken,14.0
klaar,14.0
linken,14.0
nooit,14.0
nou,14.0
pfff,14.0
retweet,14.0
tijd,14.0
vakantie,14.0
vechten,14.0
verklote,14.0
zon,14.0
e,15.0
ff,15.0
hebt,15.0
jaar,15.0
laat,15.0
n,15.0
oh,15.0
pff,15.0
zeggen,15.0
zeker,15.0
beter,16.0
d,16.0
erg,16.0
huis,16.0
mooi,16.0
terug,16.0
verneukt,16.0
vind,16.0
beetje,17.0
hahaha,17.0
he,17.0
heel,17.0
kijken,17.0
twitter,17.0
via,17.0
waarom,17.0
doe,18.0
helemaal,18.0
kijk,18.0
man,18.0
p,18.0
weg,18.0
a,19.0
foto,19.0
school,19.0
zin,19.0
dood,20.0
even,20.0
haat,20.0
nee,20.0
shit,20.0
wordt,20.0
zit,20.0
denk,21.0
hou,21.0
iedereen,21.0
leven,21.0
maken,21.0
k,22.0
word,22.0
hoor,23.0
kom,23.0
komt,23.0
amp,24.0
jou,24.0
jullie,24.0
leuk,24.0
uur,24.0
waar,24.0
bent,25.0
haha,26.0
ä,26.0
mee,27.0
net,27.0
dag,28.0
lt,28.0
nieuwe,28.0
t,28.0
vandaag,28.0
x,28.0
gewoon,29.0
hij,29.0
lekker,29.0
wakker,29.0
mn,30.0
slapen,30.0
weet,30.0
xd,30.0
goed,35.0
kut,37.0
mensen,43.0
jij,45.0
gaat,46.0
s,46.0
gaan,47.0
ga,49.0
morgen,49.0
weer,79.0
echt,87.0
url,313.0
rt,377.0
je,386.0
user,1065.0